<?xml version="1.0" encoding="UTF-8"?>
<project-private xmlns="http://www.netbeans.org/ns/project-private/1">
    <editor-bookmarks xmlns="http://www.netbeans.org/ns/editor-bookmarks/2" lastBookmarkId="0"/>
    <open-files xmlns="http://www.netbeans.org/ns/projectui-open-files/2">
        <group>
            <file>file:/D:/Temp/OneDrive%20-%20Trafford%20College%20Group/Documents/NetBeansProjects/Unit7_AssignmentUpdated_YashPatil/public_html/style.css</file>
            <file>file:/D:/Temp/OneDrive%20-%20Trafford%20College%20Group/Documents/NetBeansProjects/Unit7_AssignmentUpdated_YashPatil/public_html/levels/script/level-2.js</file>
            <file>file:/D:/Temp/OneDrive%20-%20Trafford%20College%20Group/Documents/NetBeansProjects/Unit7_AssignmentUpdated_YashPatil/public_html/levels/script/level-1.js</file>
            <file>file:/D:/Temp/OneDrive%20-%20Trafford%20College%20Group/Documents/NetBeansProjects/Unit7_AssignmentUpdated_YashPatil/public_html/levels/level-2.html</file>
            <file>file:/D:/Temp/OneDrive%20-%20Trafford%20College%20Group/Documents/NetBeansProjects/Unit7_AssignmentUpdated_YashPatil/public_html/index.html</file>
            <file>file:/D:/Temp/OneDrive%20-%20Trafford%20College%20Group/Documents/NetBeansProjects/Unit7_AssignmentUpdated_YashPatil/public_html/levels/level-0.html</file>
        </group>
    </open-files>
</project-private>
